submission_id,image_path,verified_text,extracted_text,verified_at,topic,student_name
816a9fce-e838-4d8d-a993-2afd11a269c7,images/816a9fce-e838-4d8d-a993-2afd11a269c7.jpg,"#include <stdio.h>
int main () {
int arr [5] = {1,2,3,4,5};
for (int i = 0; i < 5 ; i++) {
printf (""%d\n"", arr [i]);
}
return 0;
}","#include <stdio.h>
int main () {
int arr [5y = {1,2,3,4,5};
fir (int i = 0; i < 5 ; itt) {
printf ("".d \n"", avr [1]);
3
rcturn 0:",2026-08-05T06:04:59.534+00:00,Uncategorized,
b78b49f9-d052-4160-8508-0c91fadb9b5f,images/b78b49f9-d052-4160-8508-0c91fadb9b5f.jpg,"#include <stdio.h>
int main () {
int a, b, sum;
scanf ("" %d %d "", &a ,&b);
sum = a + b;
printf (""sum = %d\n "", sum);
return 0;
}","#include <stdio.h>
int main () {
int a, b, sum;
scanf ("" %d %'d "", &a eh).
sum - a t b i
Printt (""sum- % d>n "", suim);
return 0;
J",2026-08-05T06:08:18.216+00:00,Uncategorized,
00a005cc-ba42-4ac3-a15e-bfa0356ca3ea,images/00a005cc-ba42-4ac3-a15e-bfa0356ca3ea.jpg,"#include <stdio.h>
int add (int x, int y) {
return x + y;
}
int main () {
int result = add (3,4);
printf (""Result: %d\n"", result);
return 0;
}","include rstdio.h>
int add (int x, inty) {
return x ty i
3
int main () int result = add (3,4);
printf (Result: % dn"", result);
return 0;",2026-08-05T06:10:28.917+00:00,Uncategorized,
2a10d909-3e22-4cec-afc1-023e01edc77d,images/2a10d909-3e22-4cec-afc1-023e01edc77d.jpg,"#include <stdio.h>
int main() {
    int arr[5] = {1,2,3,4,5};
    for (int i = 0; i < 5; i++) {
        printf(""%d\n"", arr[i]);
    }
    return 0;
}","#include <stdio.h>
int main C)
int arr [5] = {1,213,A,53;
for (int 1 =0j i<5; it+){
printf (""%d>n"", arr [i]);
return o:",2026-08-05T06:13:12.52+00:00,Uncategorized,
7966fcdb-f33b-44fb-87f3-f1edc1b147bd,images/7966fcdb-f33b-44fb-87f3-f1edc1b147bd.jpg,"if (x > 5); {
    printf(""Hello\n"");
}

if (score = 100) {
    printf(""Perfect!\n"");
}

do {
    x++;
} while (x < 5)","if (x>5);{
printf(""Hello(n"");
if (score = 100) {
printf (""perfect!\n"");
}
do
×t+i
while(x<5)",2026-08-06T10:03:35.045+00:00,Uncategorized,
b6986e8d-c1c0-4a47-bc10-0267485c62d0,images/b6986e8d-c1c0-4a47-bc10-0267485c62d0.jpg,"#include <stdio.h>
int main() {
    int rows = 4;
    int cols = 5;
    for (int i = 1; i <= rows; i++) {
        for (int j = 1; j <= cols; j++) {
            printf(""* "");
        }
        printf(""\n"");
    }
    return 0;
}","Include stdio. n>
int main a{
int rows= 4;
int cols = 5;
for (int i= 1; i<= rows; i++){
for (int j = 1 ; j<= colsi jt+ ){
printf (""* "");
3
print f (""In "");
j
return 0;",2026-08-06T10:04:30.678+00:00,Uncategorized,
52ba5f3f-90f0-4b86-be93-4b6a9840855e,images/52ba5f3f-90f0-4b86-be93-4b6a9840855e.jpg,"#include <stdio.h>
int main() {
    printf(""Printing even numbers from 1 to 10 (stopping if we hit 8):\n"");
    for (int i = 1; i <= 10; i++) {
        if (i % 2 != 0) {
            continue;
        }
        if (i == 8) {
            printf(""Reached 8! Breaking out of loop.\n"");
            break;
        }
        printf(""Number: %d\n"", i);
    }
    return 0;
}","#include <stdio.h>
int mainc) printf (""printing even numbers from 1 to 10 (stopping if we hit 8) : \n"");
for (int i= 1;i <=10; 1++){
if (i% 2! = 0) {
continue;
7
if Ci==8){ printf ("" Reached 8! Breaking out of loop. Sn"");
breaki
b
prints (""Number: %d\n"", i );
l
return 0;",2026-08-06T10:05:53.479+00:00,Uncategorized,
